model,method,accuracy_baseline,accuracy_optimised,position_bias_rate_baseline,position_bias_rate_optimised,position_consistency_baseline,position_consistency_optimised,delta_position_consistency,delta_accuracy,delta_position_bias_rate
meta-llama/Llama-3.3-70B-Instruct,gepa,0.6111,0.601,0.2929,0.3182,0.7071,0.6818,-0.02529999999999999,-0.010099999999999998,0.02529999999999999
meta-llama/Llama-3.3-70B-Instruct,opro,0.6111,0.601,0.2929,0.197,0.7071,0.803,0.0959000000000001,-0.010099999999999998,-0.09589999999999999
meta-llama/Llama-3.3-70B-Instruct,opro_tree,0.6111,0.6061,0.2929,0.2727,0.7071,0.7273,0.020199999999999996,-0.0050000000000000044,-0.020199999999999996
swiss-ai/Apertus-70B-Instruct-2509,gepa,0.447,0.4646,0.8485,0.702,0.1515,0.298,0.1465,0.017600000000000005,-0.14650000000000007
swiss-ai/Apertus-70B-Instruct-2509,opro,0.447,0.5429,0.8485,0.3485,0.1515,0.6515,0.5,0.09590000000000004,-0.5
swiss-ai/Apertus-70B-Instruct-2509,opro_tree,0.447,0.5051,0.8485,0.4141,0.1515,0.5859,0.4344,0.058099999999999985,-0.4344
